{"principal_axes": [[0.29806117651164693, 0.9545467694442701], [0.9545467694442701, -0.29806117651164693]], "shift": 5.297704539329612, "x1_fit": {"mu": 0.04857055309598855, "loc": 0, "scale": 198.7932438129987}, "mu_fit": [-0.0002747075284013975, 4.81676964391788, -0.005169897649494917, 0.8958201701113309, 0.002097081447892507], "sigma_fit": {"x": [0.003542368755457687, 0.04480804574867469, 0.1416961620514091], "fun": 0.007457235377473117, "jac": [0.07421545521356165, -0.01170548313530162, 0.0018894283566623926], "nit": 18, "nfev": 85, "njev": 18, "status": 0, "message": "Optimization terminated successfully", "success": "True"}}