{"CDiP1": {"S": {"0.025": 0.0004, "0.03": 0.0017, "0.035": 0.013, "0.04": 0.0361, "0.045": 0.0204, "0.05": 0.035, "0.055": 0.0461, "0.06": 0.0392, "0.065": 0.2386, "0.07": 0.9205, "0.075": 1.1131, "0.08": 5.0642, "0.085": 13.426, "0.09": 12.3938, "0.095": 10.9923, "0.1013": 5.5968, "0.11": 6.2164, "0.12": 6.2164, "0.13": 4.167, "0.14": 2.0901, "0.15": 1.8261, "0.16": 1.6196, "0.17": 1.1998, "0.18": 1.2241, "0.19": 0.7844, "0.2": 0.8124, "0.21": 0.6752, "0.22": 0.7387, "0.23": 0.5285, "0.24": 0.5206, "0.25": 0.4199, "0.26": 0.2745, "0.27": 0.1925, "0.28": 0.2181, "0.29": 0.2138, "0.3": 0.2293, "0.31": 0.1246, "0.32": 0.1179, "0.33": 0.0965, "0.34": 0.1062, "0.35": 0.0705, "0.36": 0.0946, "0.37": 0.0891, "0.38": 0.1127, "0.39": 0.081, "0.4": 0.0852, "0.41": 0.0806, "0.42": 0.0432, "0.43": 0.0494, "0.44": 0.0522, "0.45": 0.0294, "0.46": 0.031, "0.47": 0.032, "0.48": 0.0306, "0.49": 0.0291, "0.5": 0.0222, "0.51": 0.022, "0.52": 0.0184, "0.53": 0.0263, "0.54": 0.0214, "0.55": 0.0198, "0.56": 0.018, "0.57": 0.016, "0.58": 0.0127}, "m": {"-1": 5.169982057500585, "0": 0.5806779999999999, "1": 0.07474885130000003, "2": 0.011927160536939997, "3": 0.002542068658615773, "4": 0.0007266738027757341}, "metrics": {"Hm0": 3.0480892375388224, "Te": 8.903354453760235, "T0": 6.977488891923467, "Tc": 16.413362489993265, "Tm": 7.768386937071228, "Tp": 11.76470588235294, "e": 0.9999999109880563, "v": 0.3002076133838555}, "J": {"0": 40851.24040280775, "1": 41872.52141216117, "2": 6127.686154990794, "3": 43240.239766893814, "4": 44321.24576045922, "5": 6486.036045116318, "6": 40145.56853331162, "7": 41149.2077460804, "8": 6021.8353544159745, "9": 39592.95333238378, "10": 40582.77716513777, "11": 5938.943073160355}, "freqBinWidth": {"0.025": 0.005, "0.03": 0.005, "0.035": 0.005, "0.04": 0.005, "0.045": 0.005, "0.05": 0.005, "0.055": 0.005, "0.06": 0.005, "0.065": 0.005, "0.07": 0.005, "0.075": 0.005, "0.08": 0.005, "0.085": 0.005, "0.09": 0.005, "0.095": 0.005, "0.1013": 0.0075, "0.11": 0.01, "0.12": 0.01, "0.13": 0.01, "0.14": 0.01, "0.15": 0.01, "0.16": 0.01, "0.17": 0.01, "0.18": 0.01, "0.19": 0.01, "0.2": 0.01, "0.21": 0.01, "0.22": 0.01, "0.23": 0.01, "0.24": 0.01, "0.25": 0.01, "0.26": 0.01, "0.27": 0.01, "0.28": 0.01, "0.29": 0.01, "0.3": 0.01, "0.31": 0.01, "0.32": 0.01, "0.33": 0.01, "0.34": 0.01, "0.35": 0.01, "0.36": 0.01, "0.37": 0.01, "0.38": 0.01, "0.39": 0.01, "0.4": 0.01, "0.41": 0.01, "0.42": 0.01, "0.43": 0.01, "0.44": 0.01, "0.45": 0.01, "0.46": 0.01, "0.47": 0.01, "0.48": 0.01, "0.49": 0.01, "0.5": 0.01, "0.51": 0.01, "0.52": 0.01, "0.53": 0.01, "0.54": 0.01, "0.55": 0.01, "0.56": 0.01, "0.57": 0.01, "0.58": 0.01}, "h": [10.0, 10.0, 10.0, 50.0, 50.0, 50.0, 100.0, 100.0, 100.0, 1000.0, 1000.0, 1000.0], "rho": [1000.0, 1025.0, 150.0, 1000.0, 1025.0, 150.0, 1000.0, 1025.0, 150.0, 1000.0, 1025.0, 150.0], "g": [9.81, 9.81, 9.81, 9.81, 9.81, 9.81, 9.81, 9.81, 9.81, 9.81, 9.81, 9.81]}, "CDiP6": {"S": {"0.025": 0.0, "0.03": 0.0, "0.035": 0.0002, "0.04": 0.0009, "0.045": 0.0011, "0.05": 0.0009, "0.055": 0.0033, "0.06": 0.0063, "0.065": 0.0098, "0.07": 0.0281, "0.075": 0.0377, "0.08": 0.0887, "0.085": 0.1514, "0.09": 0.3173, "0.095": 0.2363, "0.1013": 0.3189, "0.11": 0.6264, "0.12": 0.8756, "0.13": 0.584, "0.14": 0.3915, "0.15": 0.2611, "0.16": 0.1759, "0.17": 0.1716, "0.18": 0.1768, "0.19": 0.0712, "0.2": 0.1831, "0.21": 0.2236, "0.22": 0.3724, "0.23": 0.2959, "0.24": 0.2664, "0.25": 0.1822, "0.26": 0.1733, "0.27": 0.115, "0.28": 0.1221, "0.29": 0.0783, "0.3": 0.0484, "0.31": 0.0583, "0.32": 0.0454, "0.33": 0.044, "0.34": 0.0411, "0.35": 0.0398, "0.36": 0.0348, "0.37": 0.0346, "0.38": 0.0297, "0.39": 0.0289, "0.4": 0.0207, "0.41": 0.016, "0.42": 0.0095, "0.43": 0.0154, "0.44": 0.0185, "0.45": 0.0121, "0.46": 0.012, "0.47": 0.0142, "0.48": 0.0102, "0.49": 0.0079, "0.5": 0.0077, "0.51": 0.0081, "0.52": 0.0108, "0.53": 0.0081, "0.54": 0.0064, "0.55": 0.0058, "0.56": 0.0044, "0.57": 0.0041, "0.58": 0.0035}, "m": {"-1": 0.4316522458868578, "0": 0.06626974999999996, "1": 0.012141639274999996, "2": 0.0027124273220575, "3": 0.0007358618891219247, "4": 0.00023653885935152598}, "metrics": {"Hm0": 1.0297164658293074, "Te": 6.513563818889585, "T0": 4.942863427294072, "Tc": 11.467153132866416, "Tm": 5.458056239279929, "Tp": 8.333333333333334, "e": 0.9999999868697379, "v": 0.3883905597689478}, "J": {"0": 3628.4719681223546, "1": 3719.1837671226363, "2": 544.2708219731799, "3": 3426.3789399473603, "4": 3512.0384132818376, "5": 513.956862657798, "6": 3318.9753116060792, "7": 3401.9496942351807, "8": 497.84631799014414, "9": 3305.6905009838706, "10": 3388.332763347644, "11": 495.853596366798}, "freqBinWidth": {"0.025": 0.005, "0.03": 0.005, "0.035": 0.005, "0.04": 0.005, "0.045": 0.005, "0.05": 0.005, "0.055": 0.005, "0.06": 0.005, "0.065": 0.005, "0.07": 0.005, "0.075": 0.005, "0.08": 0.005, "0.085": 0.005, "0.09": 0.005, "0.095": 0.005, "0.1013": 0.0075, "0.11": 0.01, "0.12": 0.01, "0.13": 0.01, "0.14": 0.01, "0.15": 0.01, "0.16": 0.01, "0.17": 0.01, "0.18": 0.01, "0.19": 0.01, "0.2": 0.01, "0.21": 0.01, "0.22": 0.01, "0.23": 0.01, "0.24": 0.01, "0.25": 0.01, "0.26": 0.01, "0.27": 0.01, "0.28": 0.01, "0.29": 0.01, "0.3": 0.01, "0.31": 0.01, "0.32": 0.01, "0.33": 0.01, "0.34": 0.01, "0.35": 0.01, "0.36": 0.01, "0.37": 0.01, "0.38": 0.01, "0.39": 0.01, "0.4": 0.01, "0.41": 0.01, "0.42": 0.01, "0.43": 0.01, "0.44": 0.01, "0.45": 0.01, "0.46": 0.01, "0.47": 0.01, "0.48": 0.01, "0.49": 0.01, "0.5": 0.01, "0.51": 0.01, "0.52": 0.01, "0.53": 0.01, "0.54": 0.01, "0.55": 0.01, "0.56": 0.01, "0.57": 0.01, "0.58": 0.01}, "h": [10.0, 10.0, 10.0, 50.0, 50.0, 50.0, 100.0, 100.0, 100.0, 1000.0, 1000.0, 1000.0], "rho": [1000.0, 1025.0, 150.0, 1000.0, 1025.0, 150.0, 1000.0, 1025.0, 150.0, 1000.0, 1025.0, 150.0], "g": [9.81, 9.81, 9.81, 9.81, 9.81, 9.81, 9.81, 9.81, 9.81, 9.81, 9.81, 9.81]}}