{"Data1": {"k": [1.0, 0.16666666666666666, 0.09090909090909091, 0.0625, 0.047619047619047616, 0.038461538461538464, 0.03225806451612903, 0.027777777777777776, 0.024390243902439025, 0.021739130434782608, 0.0196078431372549, 0.017857142857142856, 0.01639344262295082, 0.015151515151515152, 0.014084507042253521, 0.013157894736842105, 0.012345679012345678, 0.011627906976744186, 0.01098901098901099, 0.010416666666666666, 0.009900990099009901, 0.009433962264150943, 0.009009009009009009, 0.008620689655172414, 0.008264462809917356, 0.007936507936507936, 0.007633587786259542, 0.007352941176470588, 0.0070921985815602835, 0.00684931506849315], "w": [3.132092073927611, 1.23384124328053, 0.8017041035494386, 0.5831285920564908, 0.4550075596474539, 0.37197056880672064, 0.3141365821605493, 0.2716723022327649, 0.23922332366478455, 0.21364521950815069, 0.1929772694747361, 0.17593627188913355, 0.161648446195454, 0.1494988116216346, 0.13904228307106023, 0.12994895492095682, 0.12196919831219766, 0.11491069691626794, 0.10862292361110844, 0.10298639441954746, 0.09790507096175774, 0.09330088687508452, 0.08910973723091975, 0.0852784947558124, 0.08176275905230702, 0.07852513721859176, 0.07553391517749321, 0.07276202000493201, 0.07018620158214675, 0.06778638137092065], "h": 10.0, "rho": 1000.0}, "Data11": {"k": [1.0, 0.16666666666666666, 0.09090909090909091, 0.0625, 0.047619047619047616, 0.038461538461538464, 0.03225806451612903, 0.027777777777777776, 0.024390243902439025, 0.021739130434782608, 0.0196078431372549, 0.017857142857142856, 0.01639344262295082, 0.015151515151515152, 0.014084507042253521, 0.013157894736842105, 0.012345679012345678, 0.011627906976744186, 0.01098901098901099, 0.010416666666666666, 0.009900990099009901, 0.009433962264150943, 0.009009009009009009, 0.008620689655172414, 0.008264462809917356, 0.007936507936507936, 0.007633587786259542, 0.007352941176470588, 0.0070921985815602835, 0.00684931506849315], "w": [3.1320920590349957, 1.2786711125822066, 0.9442548463554373, 0.7815128545207247, 0.6776599945597829, 0.601269442355174, 0.5406208308963818, 0.49050727613979195, 0.44818319680539814, 0.4119532198656373, 0.3806403633097197, 0.3533661656459672, 0.3294477361976984, 0.3083419795287407, 0.2896109854144326, 0.27289828710826025, 0.25791152636237, 0.24440934026890776, 0.2321912432677569, 0.22108972759721793, 0.21096404654992307, 0.20169529155535507, 0.1931824723897177, 0.18533937983664608, 0.17809206176219505, 0.17137678235588888, 0.16513836371420526, 0.15932883139526302, 0.15390630277672462, 0.14883407027691486], "h": 50.0, "rho": 1025.0}}